genre_name,playlist_name,spotify_id
pop,Pop Hits 2000s - 2023,6mtYuOxzl58vSGnEDtZ9uB
rap,RapCaviar,37i9dQZF1DX0XUsuxWHRQd
rock,Rock Classics,37i9dQZF1DWXRqgorJj26U
urbano latino,Baila Reggaeton,37i9dQZF1DWY7IeIP1cdjF
hip hop,Hip-Hop Central,37i9dQZF1DWY6tYEFs22tT
trap latino,Trap Latino,3ZvItbyMgLGgGfDb0uTuv3
dance pop,Dance Pop,1EBV4HmtKIB5k73NVR0vHB
reggaeton,Reggaeton 2023 üòç üî•,03sDEv7FN58Mb9CJOs1Tgn
modern rock,Modern Rock,37i9dQZF1DX1helbHcrYM1
latin pop,Latin Pop Classics,37i9dQZF1DX6ThddIjWuGT
classic rock,Classic Rock,5BygwTQ3OrbiwVsQhXFHMz
musica mexicana,Los Que Mandan,37i9dQZF1DXb0COFso7q0D
pov: indie,The Sound of pov: indie,3ByKGRaNhQrtrvuGdjQ2Vf
permanent wave,The Sound of Permanent Wave,4EYSGTuqe9cVfSVpX4gtGv
alternative metal,Alternative Metal,37i9dQZF1DWY5ai7gxfuaS
corrido,Corridos Perrones,37i9dQZF1DX2shzuwwKw0y
trap,| trap |,4HuFvvMYQuuS6PtTfMt1jd
filmi,Filmi,3bXAMZFPOa5RXgKlQa5D77
nueva musica mexicana,Nueva M√∫sica Mexicana,37i9dQZF1DX6Adf5JEwIPs
k-pop,K-Pop ON! (Ïò®),37i9dQZF1DX9tPFwDMOaN1
album rock,The Sound of Album Rock,3yj9YnQGTdnFuKbDyXGDi6
edm,EDM Music 2023 (Top 100),2e3dcRuo9uDH6qD3NOGKAL
contemporary country,Top Christian Contemporary,37i9dQZF1DWUileP28ODwg
soft rock,Soft Rock,37i9dQZF1DX6xOPeSOGone
pop rap,Pop Rap,4ITETf2M5EY95QPpCxuY4q
norteno,Norte√±o Sax,37i9dQZF1DWSRuK6ajtwlC
pop dance,POP ‚Ä¢ DANCE ‚Ä¢ RIDDIM ‚Ä¢ INDIE POP ‚Ä¢ ELECTRONIC ‚Ä¢ EDM ‚Ä¢ LATIN POP ‚Ä¢ R&B POP,70LV97CPbP5DhbxHHvcQxO
hard rock,Hard Rock,37i9dQZF1DX1X7WV84927n
sierreno,sad sierre√±o,37i9dQZF1DWZQGZ7yvpH00
canadian pop,Canadian Pop Radio Hits,5EF9c7dYtkWYnBsMgqvuTV
sad sierreno,sad sierre√±o,37i9dQZF1DWZQGZ7yvpH00
mellow gold,Mellow Classics,37i9dQZF1DWTQwRw56TKNc
uk pop,UK House Music,37i9dQZF1DWSrVdvTl1tVY
nu metal,Nu Metal Era,37i9dQZF1DXcfZ6moR6J0G
desi pop,desi bops,7uc9PITauLrbEJdnPyjf31
country,Country Top 50,37i9dQZF1DX7aUUBCKwo4Y
melodic rap,Melodic Rap ‚úçÔ∏èüî•,32K3iIu1DZ2LeDudB4qjh9
post-grunge,Post-Grunge Society,37i9dQZF1DWVwr24yj95lH
modern bollywood,Bollywood Dance Music,37i9dQZF1DX8xfQRRX1PDm
banda,La Reina: √âxitos de la M√∫sica Mexicana,37i9dQZF1DX905zIRtblN3
alternative rock,Essential Alternative,37i9dQZF1DX9GRpeH4CL0S
sertanejo universitario,SERTANEJO UNIVERSIT√ÅRIO ,6EWblFiWOeGNTd7yoKCArp
art pop,anti pop,37i9dQZF1DWWqNV5cS50j6
singer-songwriter,Singer Songwriter,3C0aSwAQLci81tIuPeqNNS
country road,Country Road Trip ü§ò,2l3Ipf54bXStgnKyeiWORu
atl hip hop,Atlanta Knows Music,37i9dQZF1DWWuQ0Pee2UTO
colombian pop,Viva Latino,37i9dQZF1DX10zKzsJ2jva
corridos tumbados,Corridos Tumbados,37i9dQZF1DWWhMyyrqZlaY
french hip hop,This is Frequency,37i9dQZF1DWVgsJtp58d1t
urban contemporary,Urban Contemporary Gospel Playlist,6qm25ncYRw2ymgCiLw9Y8n
alt z,The Sound of Alt Z,6TySxsLwRVYqEh7LZ6fyq8
reggaeton colombiano,REGGAETON COLOMBIANO üçë ,5KDxfXA0ZJEaxfbII6oxkA
arrocha,ARROCHA CARABAO,1vqkuq32tRKF5u2NYSPUzq
pop urbaine,Pop urbaine,3Vw1TOEIitG4Z2SF6FGry0
southern hip hop,Southern Hip Hop,4lcyWQDOzPfcbZrcBI3FOW
mexican pop,Mexican POP musicüé∂,1f1sKinduvgUCbFVQFmx5u
indietronica,Indietronica - Indie Electronica,2NAGzZNbDQHaOlXsb8Qsfr
sertanejo,Sertanejo 2023 | Mais Tocadas,1082o5fC8w5wveUxiA4FA8
latin alternative,Latin Indie Classics,37i9dQZF1DX8RvHJklfhit
gangster rap,Gangster Rap Deutsch,1qXg9ck25tBRxeXsj8mbDG
k-pop girl group,K-Pop Girl Groups <3,17zE7uFrbHy7WbwuPhkDjm
pop punk,Pure Pop Punk,37i9dQZF1DXasneILDRM7B
j-pop,Tokyo Super Hits! ,37i9dQZF1DXafb0IuPwJyF
rock en espanol,Rock en Espa√±ol,37i9dQZF1DWYN0zdqzbEwl
new wave pop,"New Wave Pop 2028 | Futuristic Pop | Soda Pop Music | EDM, Pop, Nuwave, House Music",5zqxK0WEa3LVPMWXAHz3B3
ranchera,Rancheras 100% Mexicanas üá≤üáΩ Mariachi √©xitos 2023 üá≤üáΩ M√∫sica Mexicana,3ekTlsTPJVrmzXDOUMHnAp
german hip hop,Hip Hop Controller,37i9dQZF1DWT5MrZnPU1zD
chicago rap,Chicago Rap,4rNYyhTM9x4wDPT4Vz3Bmk
k-pop boy group,K-POP BOYS GROUPS,52IzaZ82pzPs7raaWjwspS
soul,Soul Coffee,37i9dQZF1DXaXDsfv6nvZ5
heartland rock,Heartland Country,37i9dQZF1DX5iKSDtVcf7Q
electro house,Electro House 2023 üî•,4QjYVKQOi6WzYlfCiqGEag
neo mellow,Mellow Classics,37i9dQZF1DWTQwRw56TKNc
italian pop,Italian Pop,0lvwSeY2Og8XyileVyWZ1v
latin hip hop,Latin Hip Hop,37Ll0vSHszawPc5MQASe1s
latin arena pop,üéõüéºLatin Arena Pop,7H7FQyC2qZ7NZqLtW2oROd
agronejo,AGRONEJO ,1ZL8qBPT9vhRAQxPsu1e7m
latin rock,Latin Rock,5CjRakVHtgZU7fjOlHyzp4
electropop,Electropop,4tUzeaw1JxcsXDZFoL3y8u
pop rock,Pop Rock,37i9dQZF1DXatFAWyNT5ad
canadian hip hop,RapCaviar,37i9dQZF1DX0XUsuxWHRQd
uk dance,Dance Pop Hits,37i9dQZF1DWZQaaqNMbbXa
conscious hip hop,Conscious Hip-Hop,13lAvSxOw1uCX9wqeVFykE
rap metal,RAP METAL,6CTIvv7IVwwUE781bmb6mf
new wave,new wave ‚òÖ‚òÜ‚òÖ‚òÜ,6zc3IrllWGx4ZWJ0MmWPC6
house,Housewerk,37i9dQZF1DXa8NOEUWPn9W
indonesian pop,Top Tracks of 2020 Indonesia,37i9dQZF1DX8lb9hHwQhmN
modern alternative rock,ALT NOW,37i9dQZF1DWVqJMsgEN0F4
toronto rap,Northern Bars,37i9dQZF1DX59ogDi1Z2XL
folk rock,Folk Rock Favorites,37i9dQZF1DXat5j4Lk8UEj
indie rock,indie rock,0qYAqOsMGJPntjVEKV5WOF
trap argentino,TRAP ARGENTINOüá¶üá∑,1797AMCWj5ITnfdPJoaIX6
new romantic,new romantics vibes?,21bdfypNu1Ygw9nOmleHIF
metal,Metal Essentials,37i9dQZF1DWWOaP4H0w5b0
bedroom pop,Bedroom Pop,37i9dQZF1DXcxvFzl58uP7
east coast hip hop,East Coast Hip Hop,2uoCPhbyzjpEegs1oFAGSC
indie pop,Lorem,37i9dQZF1DXdwmD5Q7Gxah
italian hip hop,Italian hip hop üáÆüáπ,13TdcMsgYtcNs2hXsSq4Qy
afrobeats,AFROBEATS 2023üå¥üî•,4HXMPRVKOAfzoUwws8fqHW
post-teen pop,Y2KPOP üéß,3flfzlYrEOIjcaNdkthAUj
west coast rap,West Coast Classics/Rap,6lAOSVxxvGuEhPtZguaeav
turkish pop,Turkish Pop 2023,49zj2KBAKg5jj9AfLzx9Iy
slap house,Slap House 2023,3M2kdDYpU39aJ2RVivaHaH
miami hip hop,Raised on Hip Hop,37i9dQZF1DX3YSNrkBY3IB
boy band,Boy Bands & Pop 90s 00s,6S2ySWhpD2Oah3etWAjAd9
spanish pop,Spanish Pipedream,2BcSwTcpSBh6KSeSH7TjMZ
cloud rap,Cloud Rap ‚òÅÔ∏è,0EPUHLxTUYDt9RwwgK8s3E
trap brasileiro,Trap Brasileiro,6NHeKMwPkRJjxqlGBHW1pz
glam metal,Glam Metal üßëüèª‚Äçüé§,6XrK1egRFz1hgXSO0X08QV
punjabi pop,Punjabi Pop,37i9dQZF1DWWwF1YkSKLlU
modern country pop,modern country pop,5xXESqqM4p87XGOFo98RsT
neo soul,I Love My Neo-Soul,37i9dQZF1DX8MbMfAHb8U0
hoerspiel,hoerspiele,0gvH2Pwpt6PT7nctpqBVSV
stomp and holler,stomp and holler,0tdg0NZWHyalfI2wTwBI51
progressive house,Melodic & Euphoric,37i9dQZF1DWTiVLKoHQ1yC
glam rock,Glam Rock,37i9dQZF1DX2P3HpcdjOk2
progressive electro house,Progressive House 2023,5CMvAWTlDPdZnkleiTHyyo
puerto rican pop,Viva Latino,37i9dQZF1DX10zKzsJ2jva
country rock,Country Rocks,37i9dQZF1DWWH0izG4erma
viral pop,Viral Latino,37i9dQZF1DX5y71ufjoyXC
rage rap,RAGE RAP üî•üî•,0ocfSVp2BADOD2mYxrcIDF
underground hip hop,I Love My Underground Classics,37i9dQZF1DXdUAMxTn0rVu
piano rock,Piano Rock Classics,5Z19xD4srBydglaXp5sAqb
talent show,potential talent show songs,4Dwy4yXRpPgtQdRNhbbyXN
synthpop,Synthpop Classics ,37i9dQZF1DWU1f2CQHNexG
nigerian pop,Hot Hits Naija ,37i9dQZF1DWZCOSaet9tpB
dark trap,DARK TRAP,2PSYV2fV0uS5l154dNVD47
punk,Punk Essentials,37i9dQZF1DXd6tJtr4qeot
swedish pop,Svenska Favoriter,37i9dQZF1DWYf3km3E2aMS
rap francais,RAP FRAN√áAIS,4pdHmxMorQAtJzYJt1mzpT
desi hip hop,Desi Hip Hop,37i9dQZF1DX2RahGIyQXcJ
argentine rock,Iconos del Rock Argentino,37i9dQZF1DWZU5DGR2xCSH
tropical,Tropical House,37i9dQZF1DX0AMssoUKCz7
psychedelic rock,Psychedelic Rock,37i9dQZF1DWSDoVybeQisg
ccm,CCM,18L3sZqtcPupZndpFmkC4C
big room,Big Room Dance,37i9dQZF1DX3d2wagqzwmM
grupera,GRUPERAS MIX PERRONAS ,0thN2lhjss11fPMoWrFB06
garage rock,UK Garage Classics,37i9dQZF1DX0RJRF55W5lt
tropical house,Tropical House,37i9dQZF1DX0AMssoUKCz7
opm,opm,1sK9Q79l6p0DitRY49ZSgk
italian adult pop,Destination Italie,37i9dQZF1DXaYIs1DV1CwP
detroit hip hop,Locked In,37i9dQZF1DWTl4y3vgJOXW
hip pop,Hip Pop Station,5Lq54frcSoz0fQxohrLh2p
art rock,Art Rock,2LV7KfJgKpCRmBN12hxo9e
german pop,German Pop,25ziWpv0zBpQ2N0OdvHYHE
modern country rock,Modern Country Rock,1paPzU69Qq0LuXzOVEwF66
sped up,sped up songs,37i9dQZF1DX0mWZXNs0ArA
metropopolis,The Sound of Metropopolis,70z5dMlsS9fPudWdQ9ebqP
argentine hip hop,Baila Reggaeton,37i9dQZF1DWY7IeIP1cdjF
europop,"Britpop, Etc.",37i9dQZF1DXaVgr4Tx5kRF
mpb,MPB Barzinho - As Melhores,6u67VfC7voYC3PFazJixAK
sleep,Sleep,37i9dQZF1DWZd79rJ6a7lp
folk,Folk Pop,37i9dQZF1DWXJyjYpHunCf
adult standards,The Sound of Adult Standards,0FmeDxPXfsozPAyWv9uFjL
yacht rock,Yacht Rock,37i9dQZF1DXb3m918yXHxA
urbano espanol,Urbano espa√±ol,3GeR2Qz1JYVNdizXjOQLtY
dance rock,DANCE ROCK,3YBbCi3N10SpYXMCVXMtlo
anime,Anime Gym Hardstyle üî•,3z0MRRZHSNPI4tPEjcCZRV
mexican hip hop,Los Que Mandan,37i9dQZF1DXb0COFso7q0D
brostep,BROSTEP,4e1TfVuPeumCSZoA8KRq48
indie folk,Indie Folk Chill,5tOffZXVBFTMS7mkKQ3tpX
chamber pop,This Is Australian Chamber Orchestra,37i9dQZF1DZ06evO3COTQt
british soul,Brit-Blues,37i9dQZF1DWWtGE7PB0aRR
trap triste,trap triste,7mIFJvzejU4pCEaDj5nk9V
disco,Disco,37i9dQZF1DX2H07nGW2AbS
polish hip hop,Polski Hip Hop: Klasyki,37i9dQZF1DX6pGi5vfd9k8
j-rock,J-ROCK,7kwiqkDS6ZD7tujyQKZpgP
metalcore,METALCORE,79QHayucQm6M4wUlUbhQNQ
emo rap,emo rap,6sqOvi0G3u1so6VsdTRwOW
gen z singer-songwriter,[…¢·¥á…¥ ·¥¢] Íú±·¥è…¥…¢·¥° Ä…™·¥õ·¥á Ä + Íú±…™…¥…¢·¥á Ä,62VVjFpkCDbnYBLI16bDxR
folk-pop,Folk Pop,37i9dQZF1DWXJyjYpHunCf
indie soul,Indie Soul Vibes | Retro Soul ‚Ä¢ Feel Good ‚Ä¢ New Funk ‚Ä¢ Retro Pop ,1IJizpx2pKJROAbU4Mqgfn
mexican rock,Rock en Espa√±ol,37i9dQZF1DWYN0zdqzbEwl
classical,Classical Essentials,37i9dQZF1DWWEJlAGA9gs0
uk hip hop,Rap UK,37i9dQZF1DX6PKX5dyBKeq
pluggnb,pluggnb üíû,03aQzdP6PIcSg38xyzy0M8
blues rock,Blues Rock,56dbowk1V5ycS5jW7DSvi5
grunge,Grunge Forever,37i9dQZF1DX11ghcIxjcjE
christian music,Christian Music ‚úùÔ∏è,14YGydApBed973QAGn4geK
funk metal,Funk Metal,2iCaHrMENM16ud7DZYGnOs
reggaeton flow,Baila Reggaeton,37i9dQZF1DWY7IeIP1cdjF
vocal jazz,Vocal Jazz,37i9dQZF1DX2kt7dB63bU1
drift phonk,phonk,37i9dQZF1DWWY64wDtewQt
turkish rock,Turkish Rock ü§òüèª,2rer8yT3MeYvvK7h6sfCt1
alternative hip hop,Alternative Hip-Hop,37i9dQZF1DWTggY0yqBxES
trap boricua,Trap Boricua,37i9dQZF1DX49pAYA86UWp
funk carioca,üîû FUNK CARIOCA 2023 üîû,7EU0j5RdKN1pugpn5Wha3R
memphis hip hop,Feelin' Myself,37i9dQZF1DX6GwdWRQMQpq
mariachi,Mariachi 2023,37i9dQZF1DX7VikJCuOpfO
melodic metalcore,Melodic Metalcore,75ciKfVfn9K5uFWeuErBTs
pop nacional,POP NACIONAL,1qn8DHwFCgfEJT8XSdys9e
trap italiana,TRAP ITALIANA,60wLsSNKNhv6r1uLPQWLnu
salsa,Salsa Classics,37i9dQZF1DX7SeoIaFyTmA
dirty south rap,Dirty South Rap Classics,0tLHH1C4HkWEUCXXSSjbOe
electronica,Electronica,2VzfsoqfLsHtvBhb3tLTT6
pop soul,70s Soul Classics,37i9dQZF1DWULEW2RfoSCi
beatlesque,The Beatles Live,37i9dQZF1DX0qQigMiJPxM
british invasion,"British Invasion, Great 60's",5s6lp000mFNCltKqRfV9ay
pagode,Pagode - PRA PARED√ÉO 2023 üî• | AS MELHORES 2023 | VIRAL SALVADOR,1y4YfBT0MZLh0PBe4t0ADA
pop reggaeton,Pop-Reggaet√≥n,6tXkuCvCpJZ0nrQ6AWp5XG
dfw rap,Top Dallas Rappers 2023 DFW,3Y2qCzTEyIJnQ1qLQz8fMz
indie poptimism,Indie Pop,37i9dQZF1DWWEcRhUVtL8n
funk,Funk & Soul Classics,37i9dQZF1DWWvhKV4FBciw
melancholia,melancholia,37i9dQZF1DX6ApTpuYN5Gl
soundtrack,Soundtrack - Pride and Prejudice,7DuRJ3TTWD7u1GKTSdRRwP
g funk,This Is G Flip,37i9dQZF1DZ06evO2Rn8Do
australian pop,Aussie Pop Classics,37i9dQZF1DWZTlcGPMirK8
rap conscient,Rap Consciente,4K8IBBB7c1SyNAIsLZZGY2
queens hip hop,"WOMEN of 90s R&B, Soul & Hip-Hop",0IyHIWcPUdM6TolvSWlhMm
worship,Worship üôå,2uEq0zAov3z0HZUbTGvGmV
hardcore hip hop,Hardcore Hip Hop,2t4LaKaNlIDM0xd4jrizMl
french pop,French Pop Hits 2023,0w3eXw0OEQrBtjXluRQcbv
christian alternative rock,Christian alternative rock,0v7LXpcf0NauSUyycbjzeS
mandopop,Mandopop Hits,37i9dQZF1DXahjk49z40fT
outlaw country,Outlaw Country,6G7ZJuBDKwjCrk9ftdu82D
quiet storm,This Is Quiet Storm,37i9dQZF1DZ06evO1phisr
brazilian gospel,Top Christian & Gospel,37i9dQZF1DXcb6CQIjdqKy
trap queen,Trap Queen Playlist ,0jMPVJdD0iE75oaAOffvI1
bolero,Boleros,37i9dQZF1DX7YVXCfBlE4D
rain,Rain Sounds,37i9dQZF1DX8ymr6UES7vc
rock-and-roll,Rock and Roll,5qNHuEyfs4QHR8NI4oNaxE
orchestral soundtrack,Orchestral Soundtrack From Movies,73FFbKroCM31132AxQz9Dd
cantautor,"Cantautores Espa√±oles (de ayer, hoy y siempre)",5nLAjT7pQGoh2gfN1EHRDZ
motown,Motown,37i9dQZF1DWYC7CaxNgoCg
classic soul,Classic Soul,19N6YcAFd1cdoUxf8ygAd3
japanese teen pop,Japanese Teen Pop,59lVXQtn3pYARIymaUNI87
bachata,Bachata Classics,37i9dQZF1DX65py6HnnlE1
progressive rock,Prog Rock,37i9dQZF1DWXgtgITTKvYl
eurodance,Eurodance 90s üí• Party Songs,40TWyKngQPFdci1g4RSfrY
cali rap,cali rap,1hUAg5G3zb5DTBIPg7YvWK
new orleans rap,New Orleans Rap 90s and 2000s,564Nkpr9KzTo1n7ec0NARJ
funk rock,Funk Rock,37i9dQZF1DX23YPJntYMnh
brazilian rock,Brazilian Boogie,37i9dQZF1DWVBWFXlHC6s7
barbadian pop,The Sound of Barbadian Pop,4skZam98b2PwmuWxS8fAT5
emo,Emo,3DSKP7qMB3QsDmHccFO0yR
white noise,White Noise 10 Hours,37i9dQZF1DWUZ5bk6qqDSy
reggae fusion,Reggae Fusion,6KJfIWwqIgCYXMh6qZk3NL
dream pop,Dreampop Classics,37i9dQZF1DXcNf6sH1qnKU
australian dance,mint,37i9dQZF1DX4dyzvuaRJ0n
gruperas inmortales,GRUPERAS INMORTALES,69IwzqsrtWd6mGi6lFTomN
brazilian hip hop,Brazilian Hip Hop üí•üî•,4tO0Ttt5CQ1ymvBSLnstSH
spanish hip hop,Spanish hip-hopüî•üî•,0HdNZtdr9CgJPlIhHOX7sg
florida rap,Florida Rap,2yItWUj3eMPUsJXFyewlFG
pagode novo,Pagode 2023 ‚≠ê MELHORES | LAN√áAMENTOS 2023 - Musica Pagode - Pagode Novo - Samba e Pagode ,7hs66KfoTvgssFtLVg7Ek1
funk mtg,Funk mtg,0LtA8uefvDXfzqAU6peBac
chanson,CLASSIQUES CHANSON FRAN√áAISE üá´üá∑,52EPAclyAzjc5wWCEpJPDr
dutch house,DUTCH HOUSE üëå,6KhRaZ3cdo3eCjU3GQOUfE
drill,NYC DRILLüåÄüíØ,1IlB1gJt1fpRIW4GstbSAy
neo-synthpop,Synthpop Classics ,37i9dQZF1DWU1f2CQHNexG
pop venezolano,POP VENEZOLANO üï∫,3ABu5eBjZ54jk3P4LwTjzM
trance,Trance Mission,37i9dQZF1DX91oIci4su1D
funk rj,funk rj  üö©üêª,748BF7rInP61jT70SplXnt
gym phonk,Gym Phonk üî±,1sgNK6s1Gk4kZEOTKPd72X
neon pop punk,Neon Pop Punk,6F1gAlVmmekRn7eAne3nPa
dancehall,Dancehallüï∫,4bzfgL1V7Mi5GCOH6W4UsT
brooklyn drill,RapCaviar,37i9dQZF1DX0XUsuxWHRQd
pixel,Pixel Garden,37i9dQZF1DX3FJKV5EZtau
turkish hip hop,Kadƒ±n Mc'ler,37i9dQZF1DXbPVOcx8gKZA
russian hip hop,üá∑üá∫RUSSIAN HIP HOPüá∑üá∫,2VmomIfgnmUGFK1p3ZiPZq
classic texas country,Classic Texas Country,1licxiYRntjE9e39ChwKpG
north carolina hip hop,I Love My Down South Classics,37i9dQZF1DWYok9l1JL7GM
k-rap,K-RAP,0fWgBObyxYhXZEpxYlQU5R
industrial metal,Industrial Metal,37i9dQZF1DX29LQDcJ6Xy7
classic oklahoma country,New Classic Country,6H6sB6xhkav59EN26vzCaj
movie tunes,like a john hughes movie,3I1hI87DpQKCYwJaJbmqmO
plugg,pluggnb best songs ‚òÜ‚òÜ‚òÜ‚òÜ‚òÜ,0tgRD3oKucOp7oW6Oz15Fo
sheffield indie,Essential Indie,37i9dQZF1DX26DKvjp0s9M
anime rock,Anime Rock/ Heavy Metal,4kKofbzxaTvVu3cAvxUwGj
britpop,"Britpop, Etc.",37i9dQZF1DXaVgr4Tx5kRF
baroque pop,Baroque Pop,37i9dQZF1DXaSkvwiKRh35
sertanejo pop,"Sertanejo, Pop e Internacional",2eGJQHTDouhrmHs7fUwM8h
indian instrumental,Indian Instrumentals,2NjY04mZGv8NPYLrmIKpZM
country dawn,country sunset drive ,43CuXXkPS93hBv2SlXUCPl
atl trap,Atlanta Trap,7I8TX7QAy5vq0oAk5k5yv0
downtempo,Downtempo Chill,1ZQiA6bQfGbSMTfFA0X7BW
urbano chileno,Urbano Chileno üá®üá±ü§ò,7pntCVL1aopLvpP305Cm33
latin viral pop,Viral Latino,37i9dQZF1DX5y71ufjoyXC
tamil pop,Tamil pop songs,28zjelfGMB6oyJ4D9OyClZ
australian rock,Rock Classics,37i9dQZF1DWXRqgorJj26U
old school thrash,Old School Thrash (80's to early 90's),6vAPvqD99zv5AJFL0LxJU6
latin christian,Latin Christian music,5G8l4P7K2wAnhNPhlVZafR
escape room,This Is Escape the Fate,37i9dQZF1DZ06evO3aG8wM
thrash metal,Best of Trash metal,7ev61Rzet60MgAr3udL2i1
symphonic rock,SYMPHONIC ROCK,6UtqB8mKIXQI7SYWkNCCl4
chicago drill,Chicago Drill,6D0bEPmnluaWDGvGX04CXA
girl group,girl group anthems  + other female empowerment favs,0r6vHsW9I21ydPv8RjDQ8L
reggae,Reggaeton 2023 üòç üî•,03sDEv7FN58Mb9CJOs1Tgn
dutch edm,Dutch EDM üá≥üá±,5eW20MRvOeSxbEsFkrYV0j
pop argentino,Pop Argentino y Latino 2023 EXITOS,2Y9w2UBAkKo5UcvDGmxcZa
punjabi hip hop,Punjabi Hip Hop,2z8PwZyWqgbJhl2KLvgrbk
southern rock,Southern Rock,37i9dQZF1DXbDjX0hus3Iu
dutch hip hop,DUTCH HIP HOP üá≥üá±üá≥üá±üá≥üá±,4rrU0hD72D5Mex7KEEkgtI
turkish trap,NKVT,37i9dQZF1DXdnOj1VEuhgb
sophisti-pop,Synthpop Classics ,37i9dQZF1DWU1f2CQHNexG
rap rock,Rap 'n' Roll,37i9dQZF1DX89XXHpIgTCJ
modern blues rock,Modern Blues Rock,37i9dQZF1DX7Y7BqFok9IQ
polish trap,Polish Trap ü§ôüáµüá±,4QldTR6iqmUePOCq7KquMW
pittsburgh rap,Pittsburgh Rap,2anv9Wvvyi810EXuyZOAwD
candy pop,This Is Lil Candy Paint,37i9dQZF1DZ06evO4hxMUF
lilith,üåëüñ§üêçLilithüêçüñ§üåë,2AVIIK37w3Uu9zYQm8AvdI
canadian rock,Canadian Rock - 90's-2k's,0X0aBXOGASsLw8mcW73xYx
aesthetic rap,Aesthetic Rap,2vztwgHYan6TggNQnfcUJz
melodic drill,MELODIC DRILL,0eGN5ZZHLGRoJ1uppCUk6p
otacore,This Is Otoboke Beaver,37i9dQZF1DZ06evO0lGYW4
thai pop,Hot Hits Thailand,37i9dQZF1DXc51TI5dx7RC
shoegaze,Shoegaze Classics,37i9dQZF1DX6ujZpAN0v9r
new americana,Breakout Country,37i9dQZF1DWW7RgkOJG32Y
philly rap,Philly Rap,5jd15BW38U5Cm4ulu98V6L
kleine hoerspiel,This Is Die kleine Schnecke Monika H√§uschen,37i9dQZF1DZ06evO4nBqCg
rap latina,Latina Rappers,787Co0bCrOn4RsiKYz1fqX
sad lo-fi,Sad lo-fi songsüíî,2j24aeCYdQ5YY4EUALGUlK
rockabilly,Rockabilly,37i9dQZF1DX47i8ytbYGJE
compositional ambient,Ambient Dreamscapes,37i9dQZF1DXdf43Md5h6cE
trip hop,Trip Hop,37i9dQZF1DWVXbA4kjkg6G
alternative dance,Alternative Dance,3rSeKZTfsrB1w6ZJNL5DVs
phonk brasileiro,Phonk brasileiro üë∫üë∫,2lIMZKp93jNBlTqHfu5DT7
modern indie pop,Indie Pop,37i9dQZF1DWWEcRhUVtL8n
screamo,"screaming, crying, sliding down the wall",3Mgdbs84it0UaG2YLNfgOy
neo-psychedelic,Neo-Psychedelic Rock,37i9dQZF1DX7k3T9O9bscd
lo-fi study,Lo Fi Study | Work 2023,6N05aHELD8g8v4k3uja6ag
la indie,La Indie #LaIndie FM,6URrZC2HRXT1OPiZpJL7yb
afropop,Afropop,37i9dQZF1DWYs2pvwxWA7l
funk paulista,FUNK PAULISTA,08higVxUKAeYtvxDnMWUzf
roots reggae,Roots Reggae,53iDeoyHodextygU8wpras
chill house,chill house,6bEpEeI3AuE3oifduPHYvb
acoustic pop,Acoustic Pop,37i9dQZF1DWWxrt1tiKYiX
nyc rap,NYC RAP,6AA44bAQIxrMUVQO6OpLIx
musica chihuahuense,M√∫sica chihuahuense,0Z8DKaXA5B7GeUYA5C98KK
nova mpb,nova mpb üáßüá∑,7cpQFpBonmCaW5kxRgnm8g
bossa nova,Bossa Nova,37i9dQZF1DX4AyFl3yqHeK
afrofuturism,Afro Psychedelica,37i9dQZF1DWVyizF9BJ61m
world worship,Live Worship 2023,3l24LtoWiuvdcd0f1Qr3e5
madchester,MADCHESTER,3MdscCBVyBUNiX79xTNmKA
socal pop punk,Pure Pop Punk,37i9dQZF1DXasneILDRM7B
merseybeat,The Sound of Merseybeat,2FE5Q5imNlAYRKubRHOuE8
funk consciente,Funk Consciente,37i9dQZF1DX9We8dK817NX
groove metal,Groove Metal,1h1MbNzoZacdT5wFBY2ccX
classic italian pop,The Perfect Italian Dinner,37i9dQZF1DWT1R6bXL4dyW
spanish pop rock,2000s spanish pop/rock,2iKCZGKx3ZsFdIk9IpjjRD
power metal,This is Power Metal,0iOa5L4dLdpeIgtEttO6Iw
rock nacional brasileiro,Rock Nacional Brasileiro,20pskBY0a9IljMLJqnoIzG
pixie,ü™∑‚ú®Pixie hollow vibes ‚ú®üå≥,4o3Nw73rANutmJHJHfCVug
industrial rock,Industrial Rock,4sKEgfrotpSzWv1TmDZdHn
rap marseille,rap marseille old school,3TbftkNdO2zHkCggaicr3w
tennessee hip hop,Southern Hip Hop Classics,4qaDUlC8dCEL2Boz9eQX0q
lo-fi indie,Lo-fi Indie,37i9dQZF1DX0CIO5EOSHeD
tejano,Tejano Classics,37i9dQZF1DX6wQVfUHI1zt
ska argentino,Ska Argentinoüá¶üá∑,4DGvXHIo918DUbyuDSnZqv
dutch pop,Liever Hollands,37i9dQZF1DX3fVDvRBemdr
german dance,GermanüíÉDancehall | TROPICANA - Raf Camora,5uLTF0GAaWbqEctfcG5Sqh
sad rap,Sad Rap,4Ao85ZB0F474SYUelDH1Xi
lounge,Lounge - Soft House,37i9dQZF1DX82pCGH5USnM
filter house,Filter House / Nu-Disco / French,6V4Wa21OHlJTrTxLAwkmNm
german techno,German Techno / Deutscher Techno,1Ay9swD1qhGfKfYrRaJuFA
vapor trap,Vapor Trap ‚òîÔ∏èüßõüèø,747GCxocZcVMNx7LjMC4v5
danish pop,Danske favoritter,37i9dQZF1DX5622XLsm5RS
trap funk,Trap funk,4P9RB8F3HbMZ9sBG8JEqW9
indie pop rap,indie pop rap is ear nut,55mY0aouVpmHzaHbuevR65
florida drill,Florida drillüå¥‚ù§Ô∏è‚Äçüî•,3hgBtUbuJI2LykY502lxNT
german metal,German Metal - Neue Deutsche H√§rte,7fbFMMFaN8OlGtQNjjcBaL
easy listening,Classic Easy Listening,37i9dQZF1DX7oopxKf8qJx
cancion melodica,Canciones mel√≥dicas en espa√±ol,6nDy0XU6A3D3W2K6ybq92Z
tech house,Tech House 2023,7nppx7uLgcmkZHg70HNfOk
hyperpop,hyperpop,37i9dQZF1DX7HOk71GPfSw
baton rouge rap,Baton Rouge Rap,2uOQcDw8xojI55F22fa7aY
classic country pop,90s & 2000s Country Classics ,7KT6G13SFecFk6W0VJ7DdU
pop flamenco,Flamenco Pop,37i9dQZF1DWV7FWPDK0Dg1
pop edm,Pop EDM Remixes,4aUEH3uhbofktrFkXOOaKj
children's music,Children's Music: Soft Soothing Instrumental Songs,40cAoAS3NoQF6WGl0y671Q
classic bollywood,Classic Bollywood Hits,4qH5s58xLvrS6eNjpygeCL
irish rock,Irish Rock,1bf7Rq8JplEMamGWGsIbt9
color noise,"Color Noise and White Noise Sounds for Sleep and Relaxation: Long, Loopable Sleep Sounds",0VJfdpn4ar2PCiEySoMAtX
swedish hip hop,Svensk Rap,37i9dQZF1DX5cpU86I7OAy
forro,Forr√≥s antigos marcantes üåµ,06au6QoKvXpU0HonvSSun8
rap conciencia,Rap Concienciaüß†,4EdFhfhI2bWgocBh5p7GPh
lo-fi beats,Lo-Fi Beats,71d99pLh0TpbdIJESHAsDN
roots rock,Roots Revival,37i9dQZF1DX9crXQ0wuuXE
uk post-punk,Ukrainian Post-punk,7jh6OhxuU7ebk1UokTieRN
rap canario,RAP CANARIO,1mOvakT8EpGaP2onuVuEL4
german rock,German Rock,2fuKo4nqTh3zHv8IZfkUFM
adoracao,Adora√ß√£o ,1qpu2ubHaEsGj1Z16yeDiK
grime,Grime Classics,37i9dQZF1DX7bxurrN0PHJ
show tunes,Broadway & Showtunes,2amOngid1tKeliWUn8RRO2
lullaby,Lullaby Baby,37i9dQZF1DXbADqT0j1Cxt
ohio hip hop,CHH Emcees of OHIO,6zzuhEBUMMWNYSZA7SSoVW
skate punk,Skatepark Punks,37i9dQZF1DX3MU5XUozve7
kentucky hip hop,TV Head Radio,1gDonTL2oCsffXvRybB9hH
sufi,Sufi & Bollywood,37i9dQZF1DX2Y6ZOyTJZfp
jazz,Jazz in the Background,37i9dQZF1DWV7EzJMK2FUI
speed metal,SPEED METALü§ò,3T7sHf7bAi0ssxdiUNJgCl
broadway,broadway songs to belt in the car,0DSIuLff9yuaW7Bo6sOhuY
country pop,Pop Country,37i9dQZF1DXadasIcsfbqh
drill espanol,ü•∑üî™DRILL ESPA√ëOLüî™ü•∑,1VJKklZhRTn9H77GUGDuWZ
southern soul,SOUTHERN SOUL 2023,6hliTK3dJE9kOvpkGlIEa3
meme rap,Internet People,37i9dQZF1DX6OgmB2fwLGd
samba,Samba Classics,37i9dQZF1DX2OwDeeyTh0V
la pop,la pop~wave,37i9dQZF1DWYEIx04mlcFR
spanish rock,SPANISH ROCK HITS,2fmR0eY6n2z91OTC9QuHul
neo-classical,Classical New Releases,37i9dQZF1DWV0gynK7G6pD
urbano mexicano,Rock Urbano Mexicano,6p2sYzfAYX9exWKyfZOxpH
australian hip hop,Australian Hip Hop,2MnndYohLfw5JQzzJkaTuX
tollywood,Tollywood Pearls,37i9dQZF1DX5VOFoIqmrOV
rap napoletano,RAP NAPOLETANO,7fchc2RNDoXQVY097z8lmy
turkish alt pop,makromusic Turkish Alt Pop Top 10,3yoBkt32Wn0XiKytL0iKLE
noise pop,noise pop,29z6h7K7ayao86NaJIo5ac
flamenco urbano,FLAMENCO urbano actual,0D9cYN2gQc5yG3fdPXwDkc
hollywood,Hollywood Undead - All Songs,6Cbq3JEHEDRLP47JYUYvvn
russian pop,–•–∏—Ç—ã —Ä—É—Å—Å–∫–æ–π –ø–æ–ø-–º—É–∑—ã–∫–∏,37i9dQZF1DX2ShoIPZoN3Y
v-pop,V-Pop Kh√¥ng Th·ªÉ Thi·∫øu,37i9dQZF1DX4g8Gs5nUhpp
cumbia villera,Cumbia Villera - Argentina,7ukAyJrKU3ZiLZBGz4vueH
new jack swing,New Jack Swing,3ykXidKLz1eYPvuGoFlD1e
new french touch,French Touch,37i9dQZF1DX9cbNxuNYT3d
brooklyn indie,Indie Sleaze,37i9dQZF1DWVmFSstZWJmo
norwegian pop,Fest p√• lokalet,37i9dQZF1DXcDyMhzAdDhp
electric blues,Electric Blues Classics,37i9dQZF1DX9GnjlK17CLK
indie hip hop,Indie/Hip-hop,0wixp26Hq9ft7ol9ytzWwY
deep house,Deep House ,5KqcXraQXwHCZrES4oK60k
hamburg hip hop,Best of Hamilton,37i9dQZF1DX1nsfmnIDVAJ
swedish electropop,The Sound of Swedish Electropop,33fyWhh6amFf9SQi1EILdm
swedish trap pop,Trip,2h7m25tJOB1vca4NIg1nBt
electro latino,ELECTRO‚ö°Ô∏èLATINOüî•,71dyaPGuZFbo1RwS9Had4r
uk alternative pop,Trap Soul  ‚Ä¢ Alternative R&B  ‚Ä¢  Wavy ‚Ä¢ Riddim ‚Ä¢ Uk Soul ‚Ä¢ Genre Benders ‚Ä¢ Electronic R&B ‚Ä¢ Dark rnb,42mKbGjSBM0CCGWIzrW38C
canadian trap,lightskin justin bizzle bankroll bugatti biebervelli canadian trap god bieber,0zRRf6LWwwD9QyPq03yFKr
cumbia sonidera,Cumbia Sonidera,37i9dQZF1DWTmGGCbcoQhY
pop emo,2010s punk pop ‚ò†Ô∏è emo,6tjpGq7lsKL8w5Cjfzm8Wo
industrial,Industrial Metal,37i9dQZF1DX29LQDcJ6Xy7
cloud rap francais,Cloud Rap,37i9dQZF1DX5jNEiuvPyWr
japanese singer-songwriter,This Is Eve,37i9dQZF1DX2EwG4p1ArpU
complextro,Complextro,1W9U7NkU9YVOdYVMaIi9Ty
british blues,British Blues,4fWGQVIgglIAKubGqfMJDz
salsa puertorriquena,Salsa Puertorrique√±a üáµüá∑,582KkO0N8CjlV1npVt2yU2
turbo folk,Serbian Turbofolk,04XlbBYATPtoElkfgWCEBK
deep underground hip hop,Underground Hip Hop and Backpack Classics 90s-00s,49ow69VigYk4epHuaE63WL
mollywood,Mollywood,6KskeMkX2ExhHY8VNW4slw
czsk hip hop,Majest√°t rapu,37i9dQZF1DWSovkTlfUqxt
french indie pop,FRENCH INDIE POP,6GKMpsOHWxDex7bUflMiMz
latin worship,Latin Worship ü¶ã,6Ynv0D9xRLde1fvE5i0cWl
healing hz,432 Hz,37i9dQZF1DX3DRt77Ekehy
vallenato,VALLENATOS ROM√ÅNTICOS - Los CL√ÅSICOS ü•É,6ZhtJ3s85c9CKFYpdqHsf3
indonesian singer-songwriter,The Sound of Indonesian Singer-Songwriter,7aJrA9ExAuZLUr4OdXbwwv
glitchcore,*‚Çä‚Åé‚úß glitchcore‚úß‚Åé‚Å∫À≥*,344wLig13iWeC8R9HpYcKl
weirdcore,This Is Weirdcore,37i9dQZF1DZ06evO2pd04x
country rap,Country Rap,37i9dQZF1DWXbiccytJ5L7
oxford indie,Front Page Indie,37i9dQZF1DX2Nc3B70tvx0
gym hardstyle,Gym Hardstyle 2023 üí™,766wQ733vRmpmKqIU5fyvR
pakistani hip hop,,
neue deutsche harte,NEUE DEUTSCHE H√ÑRTE - NDH -  NEUE DEUTSCHE HAERTE: Rammstein & Special Acts!,1SPzdqK4fBAYwtA5pacfsw
video game music,Video Game Soundtracks,37i9dQZF1DXdfOcg1fm0VG
azontobeats,The Sound of Azontobeats,0BFlqvOTWhikSH6YmnugCs
environmental,Environmental Sounds,6XuOTAEItMaTT7Auhyqn8y
uk metalcore,Ukiah's metalcore playlist ,2CxmXrAefIB2RyR57DQAxB
symphonic metal,This Is Symphonic Rock Project,37i9dQZF1DZ06evO3MFPEZ
canadian singer-songwriter,This Is Kacey Musgraves,37i9dQZF1DZ06evO48Rn9u
new rave,New Rave üñ§‚ú®,4Xptu9FzNK4rp02X6FXlsp
jam band,Modern Jam Band,37i9dQZF1DWSk9DH2Upl3o
electro,ELECTRONICA PARA FIESTAS 2023 üî• EXITOS,3RxJQGGhaS71GGUNuYEQns
meme,Meme Songs Top Trending | 1700-2023,4aKpKdEJ2IfE9uEImu6ryr
electronic trap,Trap Mojito,37i9dQZF1DX1OIMC8iDi74
classic j-pop,Jazz Covers Popular Songs,6GNoAopv64BlP5oFXrGbza
arrochadeira,arrochadeira da bahia,0UygSdubJybuPEEKflmVme
jazz blues,Jazz-Blues,37i9dQZF1DX9GSZDbrndTa
french rock,Rock Frequency,37i9dQZF1DX14rbJEM3cke
bow pop,David Bowie - Best of the Best,5Crdjp83Mr9fYTBu151M19
ambient pop,Ambient Pop,1sAgXSCDF0RnDzybxlereM
dreamo,Dreaming of Nashville,37i9dQZF1DX5ujBvEDjewo
tamil hip hop,Hot Hits Tamil,37i9dQZF1DX1i3hvzHpcQV
coverchill,Coverchill,0IL2XwPYdkYCs0oOqtem61
hare krishna,Hare Krishna,37i9dQZF1DWTT2uaNCuEwQ
nigerian hip hop,Hot Hits Naija ,37i9dQZF1DWZCOSaet9tpB
stutter house,stutter house,6jO6plt0mbQdhUy2FGjR90
brazilian reggae,Brazilian Reggae,14l8lguB10LaXvrtUaIbz5
indonesian pop rock,90-00 Indonesian Pop&/Rock,6G9OlwkOfLW7ZW4flNZO1m
bachata dominicana,BACHATA DOMINICANA,02yhaC9LLKcsLW4rOTRJca
cantopop,Cantopop Classics (90s and 00s),12rjCFxeO1DFy2XSpg9AK4
mexican indie,Mexican alternative/Mexican Indie,3x5MKmx6BBbl4n34fhcIU1
edmonton indie,Sad Indie,37i9dQZF1DWVV27DiNWxkR
classic swedish pop,Svenska Favoriter,37i9dQZF1DWYf3km3E2aMS
background piano,Background Piano ,4Qxy1JjPBbohRQIlMj6xBA
bubblegrunge,This Is Bubble Guppies Cast,37i9dQZF1DZ06evO3MY3Ki
chillhop,Chillhop,37i9dQZF1DXdLK5wjKyhVm
blues,Blues Classics,37i9dQZF1DXd9rSDyQguIk
mambo chileno,MAMBO CHILENOüëπ‚ú®üå°üî•‚ö†,6YProFXmcAwGViN9UFlZPI
polish pop,Polskie przeboje wszech czas√≥w,37i9dQZF1DX8J2l55TrZk6
russian trap,RUSSIAN TRAP,1gEdzURm2BlqppClAbsLZE
jazz pop,Jazz Pop,37i9dQZF1DWTsUzn4pp2rW
german drill,German Drill 2023üî•üòà,44zrIqtaK4EIwyrE62yQ6o
classic canadian rock,Classic Canadian Rock,4asoVXnZZSnf6CB586Wigz
australian psych,Australian Psychedelic Rock,7fr3xEo5N3rAAMLT4lYQgN
schlager,Schlager der 80er Jahre,0iR7gInnCgRkbSZRRdGtKD
hindi hip hop,Hindi Hip Hop Dance Songs,3gnhmGQ40e0bC0kyubFbGp
el paso indie,indie fresco,37i9dQZF1DX68kWwWBDPYS
reggae rock,Reggae Rock,266zfQTA3MfR6Q2ND1ec6e
golden age hip hop,Golden Age Hip-Hop,2WJziuLXWDBOVJMKBnSeBX
scandipop,Dance Pop Hits,37i9dQZF1DWZQaaqNMbbXa
indie garage rock,indie garage rock,2S4Ez0RjnO3A7H9UZdxOfS
arabesk,ARABESKüçª,4VYaqDxfMRLHHbTW1mflZ3
comic,Comic book reading music,0CO5FwFGkgpfdiy7r0u2ib
belgian edm,EDM 2023,37i9dQZF1DX1kCIzMYtzum
melbourne bounce international,This Is Bounce Patrol,37i9dQZF1DZ06evO13q276
turkce drill,T√ºrk√ße Drill,5F9t3j7WvzustposSePivj
